PRAGMA foreign_keys=OFF;
BEGIN TRANSACTION;
CREATE TABLE `Users` (`id` INTEGER PRIMARY KEY, `username` VARCHAR(255) NOT NULL UNIQUE, `email` VARCHAR(255) NOT NULL UNIQUE, `password` VARCHAR(255) NOT NULL, `role` TEXT DEFAULT 'reader', `bio` TEXT, `avatar` VARCHAR(255), `createdAt` DATETIME NOT NULL, `updatedAt` DATETIME NOT NULL);
INSERT INTO Users VALUES(1,'воцо','begimovaaynur04@gmail.com','$2a$10$2I9MQTUjSNISms7gXLMIx.RLjraIZ8fFfRUC1JC.CxDGo/K/qWjxe','reader',NULL,NULL,'2025-11-10 16:22:08.039 +00:00','2025-11-10 16:22:08.039 +00:00');
INSERT INTO Users VALUES(2,'DevAuthor','author@devblog.com','$2a$10$d23wlJFqOQmZB4UQIHXc2u1.xVRnPVRdBFGLVd.uAw/c57Ze1Diy2','author','Опытный разработчик, пишу о программировании',NULL,'2025-11-10 16:27:17.224 +00:00','2025-11-10 16:27:17.224 +00:00');
INSERT INTO Users VALUES(3,'Айнур','ainurbegim04@gmail.com','$2a$10$tVJ4ChQbWS16gRMTCeb5ue.7y.qWg1Cj6XhOZOg7MuIKf2CEH/qBy','reader',NULL,NULL,'2025-11-10 16:41:18.643 +00:00','2025-11-10 16:41:18.643 +00:00');
INSERT INTO Users VALUES(4,'девнуржан','devnurjan@devblog.com','$2a$10$lbl5rkyVH.4OsZv17rbYO.hjlIqEJi3IJ1NA7yzliEkdlXh6scDXa','author','Разработчик, специализирующийся на Python, MATLAB и Django',NULL,'2025-11-10 16:42:40.222 +00:00','2025-11-10 16:42:40.222 +00:00');
INSERT INTO Users VALUES(5,'асхатразраб','askhatrazrab@devblog.com','$2a$10$T6xp2dEvqKb40HiMsnaGfe9xaGj9yvG7luvgTMUphh/UtVqpmfJc.','author','Эксперт по базам данных и SQL',NULL,'2025-11-10 16:42:40.296 +00:00','2025-11-10 16:42:40.296 +00:00');
CREATE TABLE `Categories` (`id` INTEGER PRIMARY KEY, `name` VARCHAR(255) NOT NULL UNIQUE, `slug` VARCHAR(255) NOT NULL UNIQUE, `description` TEXT, `createdAt` DATETIME NOT NULL, `updatedAt` DATETIME NOT NULL);
INSERT INTO Categories VALUES(1,'JavaScript','javascript','Статьи о JavaScript и программировании','2025-11-10 16:27:17.297 +00:00','2025-11-10 16:27:17.297 +00:00');
INSERT INTO Categories VALUES(2,'Python','python','Статьи о Python и его фреймворках','2025-11-10 16:42:40.362 +00:00','2025-11-10 16:42:40.362 +00:00');
INSERT INTO Categories VALUES(3,'SQL','sql','Статьи о базах данных и SQL','2025-11-10 16:42:40.364 +00:00','2025-11-10 16:42:40.364 +00:00');
CREATE TABLE `Articles` (`id` INTEGER PRIMARY KEY, `title` VARCHAR(255) NOT NULL, `slug` VARCHAR(255) NOT NULL UNIQUE, `content` TEXT NOT NULL, `excerpt` TEXT, `coverImage` VARCHAR(255), `published` TINYINT(1) DEFAULT 0, `views` INTEGER DEFAULT '0', `authorId` INTEGER NOT NULL REFERENCES `Users` (`id`), `categoryId` INTEGER REFERENCES `Categories` (`id`), `createdAt` DATETIME NOT NULL, `updatedAt` DATETIME NOT NULL);
INSERT INTO Articles VALUES(1,'Переменные в JavaScript','peremennye-v-javascript',replace('# Переменные в JavaScript\n\nПеременные — это основа любого языка программирования. В JavaScript есть несколько способов объявления переменных.\n\n## var, let и const\n\n### var\n```javascript\nvar name = "Иван";\nvar age = 25;\n```\n\n### let\n```javascript\nlet name = "Иван";\nlet age = 25;\n```\n\n### const\n```javascript\nconst PI = 3.14159;\nconst name = "Иван";\n```\n\n## Различия\n\n- **var** — устаревший способ, имеет функциональную область видимости\n- **let** — блочная область видимости, можно изменять\n- **const** — блочная область видимости, нельзя изменять (константа)\n\n## Рекомендации\n\n- Используйте `const` по умолчанию\n- Используйте `let`, если значение будет изменяться\n- Избегайте `var` в современном коде\n\n## Примеры\n\n```javascript\n// Хорошо\nconst userName = "Иван";\nlet userAge = 25;\nuserAge = 26; // OK\n\n// Плохо\nvar userName = "Иван"; // устаревший синтаксис\n```','\n',char(10)),'Изучаем основы работы с переменными в JavaScript: var, let и const. Узнайте различия и когда что использовать.',NULL,1,0,2,1,'2025-11-10 16:27:17.303 +00:00','2025-11-10 16:27:17.303 +00:00');
INSERT INTO Articles VALUES(2,'Работа с массивами в JavaScript','rabota-s-massivami-v-javascript',replace('# Работа с массивами в JavaScript\n\nМассивы — это структуры данных, которые позволяют хранить коллекции элементов.\n\n## Создание массива\n\n```javascript\n// Литерал массива\nconst fruits = [''яблоко'', ''банан'', ''апельсин''];\n\n// Конструктор\nconst numbers = new Array(1, 2, 3);\n```\n\n## Основные методы\n\n### push() и pop()\n```javascript\nconst arr = [1, 2, 3];\narr.push(4); // [1, 2, 3, 4]\narr.pop();   // [1, 2, 3]\n```\n\n### shift() и unshift()\n```javascript\nconst arr = [1, 2, 3];\narr.unshift(0); // [0, 1, 2, 3]\narr.shift();    // [1, 2, 3]\n```\n\n### map()\n```javascript\nconst numbers = [1, 2, 3];\nconst doubled = numbers.map(n => n * 2);\n// [2, 4, 6]\n```\n\n### filter()\n```javascript\nconst numbers = [1, 2, 3, 4, 5];\nconst even = numbers.filter(n => n % 2 === 0);\n// [2, 4]\n```\n\n### reduce()\n```javascript\nconst numbers = [1, 2, 3, 4];\nconst sum = numbers.reduce((acc, n) => acc + n, 0);\n// 10\n```\n\n## Полезные методы\n\n- `find()` — найти первый элемент\n- `some()` — проверить, есть ли хотя бы один\n- `every()` — проверить, все ли элементы соответствуют условию\n- `includes()` — проверить наличие элемента','\n',char(10)),'Изучаем работу с массивами в JavaScript: создание, основные методы (map, filter, reduce) и полезные функции.',NULL,1,2,2,1,'2025-11-10 16:27:28.293 +00:00','2025-11-10 16:41:26.351 +00:00');
INSERT INTO Articles VALUES(3,'Циклы в JavaScript','cikly-v-javascript',replace('# Циклы в JavaScript\n\nЦиклы позволяют выполнять код многократно. В JavaScript есть несколько типов циклов.\n\n## for\n\n```javascript\nfor (let i = 0; i < 5; i++) {\n  console.log(i);\n}\n// 0, 1, 2, 3, 4\n```\n\n## for...of\n\nИтерация по элементам массива:\n\n```javascript\nconst fruits = [''яблоко'', ''банан'', ''апельсин''];\nfor (const fruit of fruits) {\n  console.log(fruit);\n}\n```\n\n## for...in\n\nИтерация по свойствам объекта:\n\n```javascript\nconst person = { name: ''Иван'', age: 25 };\nfor (const key in person) {\n  console.log(key, person[key]);\n}\n```\n\n## while\n\n```javascript\nlet i = 0;\nwhile (i < 5) {\n  console.log(i);\n  i++;\n}\n```\n\n## do...while\n\n```javascript\nlet i = 0;\ndo {\n  console.log(i);\n  i++;\n} while (i < 5);\n```\n\n## forEach()\n\nМетод массивов для итерации:\n\n```javascript\nconst numbers = [1, 2, 3];\nnumbers.forEach((num, index) => {\n  console.log(index, num);\n});\n```\n\n## Управление циклами\n\n### break\nПрерывает выполнение цикла:\n\n```javascript\nfor (let i = 0; i < 10; i++) {\n  if (i === 5) break;\n  console.log(i);\n}\n```\n\n### continue\nПропускает текущую итерацию:\n\n```javascript\nfor (let i = 0; i < 10; i++) {\n  if (i % 2 === 0) continue;\n  console.log(i); // только нечетные\n}\n```\n\n## Рекомендации\n\n- Используйте `for...of` для массивов\n- Используйте `forEach()` для функционального стиля\n- Избегайте `for...in` для массивов','\n',char(10)),'Изучаем все типы циклов в JavaScript: for, while, for...of, for...in и методы массивов. Узнайте, когда что использовать.',NULL,1,0,2,1,'2025-11-10 16:27:44.357 +00:00','2025-11-10 16:27:44.357 +00:00');
INSERT INTO Articles VALUES(4,'Основы Python для начинающих','osnovy-python-dlya-nachinayushchih',replace('# Основы Python для начинающих\n\nPython — это высокоуровневый язык программирования, который отлично подходит для начинающих.\n\n## Установка Python\n\n```bash\n# Проверка версии\npython --version\n```\n\n## Первая программа\n\n```python\nprint("Привет, мир!")\n```\n\n## Переменные и типы данных\n\n```python\n# Числа\nage = 25\nprice = 19.99\n\n# Строки\nname = "Иван"\nmessage = ''Привет''\n\n# Списки\nfruits = [''яблоко'', ''банан'', ''апельсин'']\n\n# Словари\nperson = {\n    ''name'': ''Иван'',\n    ''age'': 25\n}\n```\n\n## Условия\n\n```python\nif age >= 18:\n    print("Совершеннолетний")\nelse:\n    print("Несовершеннолетний")\n```\n\n## Циклы\n\n```python\n# Цикл for\nfor fruit in fruits:\n    print(fruit)\n\n# Цикл while\ni = 0\nwhile i < 5:\n    print(i)\n    i += 1\n```\n\n## Функции\n\n```python\ndef greet(name):\n    return f"Привет, {name}!"\n\nprint(greet("Иван"))\n```\n\nPython прост в изучении и очень мощный!','\n',char(10)),'Изучаем основы Python: переменные, типы данных, условия, циклы и функции. Отличный старт для начинающих программистов.',NULL,1,0,4,2,'2025-11-10 16:42:40.369 +00:00','2025-11-10 16:42:40.369 +00:00');
INSERT INTO Articles VALUES(5,'Работа с MATLAB: основы и примеры','rabota-s-matlab',replace('# Работа с MATLAB: основы и примеры\n\nMATLAB — это мощная среда для численных вычислений и визуализации данных.\n\n## Основы MATLAB\n\n### Переменные\n\n```matlab\n% Скаляр\nx = 5;\n\n% Вектор\nv = [1, 2, 3, 4, 5];\n\n% Матрица\nA = [1, 2; 3, 4];\n```\n\n### Операции с матрицами\n\n```matlab\n% Сложение\nC = A + B;\n\n% Умножение\nD = A * B;\n\n% Транспонирование\nA_transpose = A'';\n```\n\n### Построение графиков\n\n```matlab\nx = 0:0.1:10;\ny = sin(x);\nplot(x, y);\ntitle(''График синуса'');\nxlabel(''x'');\nylabel(''y'');\n```\n\n### Функции\n\n```matlab\nfunction result = myFunction(x, y)\n    result = x^2 + y^2;\nend\n```\n\nMATLAB отлично подходит для научных вычислений и анализа данных!','\n',char(10)),'Изучаем основы работы с MATLAB: переменные, матрицы, графики и функции. Практические примеры для начинающих.',NULL,1,0,4,2,'2025-11-10 16:42:40.374 +00:00','2025-11-10 16:42:40.374 +00:00');
INSERT INTO Articles VALUES(6,'Django: веб-фреймворк для Python','django-veb-freymvork',replace('# Django: веб-фреймворк для Python\n\nDjango — это мощный веб-фреймворк для быстрой разработки приложений на Python.\n\n## Установка\n\n```bash\npip install django\ndjango-admin --version\n```\n\n## Создание проекта\n\n```bash\ndjango-admin startproject myproject\ncd myproject\npython manage.py runserver\n```\n\n## Создание приложения\n\n```bash\npython manage.py startapp myapp\n```\n\n## Модели\n\n```python\nfrom django.db import models\n\nclass Article(models.Model):\n    title = models.CharField(max_length=200)\n    content = models.TextField()\n    created_at = models.DateTimeField(auto_now_add=True)\n    \n    def __str__(self):\n        return self.title\n```\n\n## Представления (Views)\n\n```python\nfrom django.shortcuts import render\nfrom .models import Article\n\ndef article_list(request):\n    articles = Article.objects.all()\n    return render(request, ''articles/list.html'', {''articles'': articles})\n```\n\n## URL-маршруты\n\n```python\nfrom django.urls import path\nfrom . import views\n\nurlpatterns = [\n    path(''articles/'', views.article_list, name=''article_list''),\n]\n```\n\nDjango упрощает создание веб-приложений!','\n',char(10)),'Изучаем Django: установка, создание проекта, модели, представления и URL-маршруты. Практическое руководство.',NULL,1,0,4,2,'2025-11-10 16:42:40.375 +00:00','2025-11-10 16:42:40.375 +00:00');
INSERT INTO Articles VALUES(7,'Основы SQL для начинающих','osnovy-sql',replace('# Основы SQL для начинающих\n\nSQL (Structured Query Language) — язык для работы с базами данных.\n\n## SELECT - выборка данных\n\n```sql\n-- Выбрать все записи\nSELECT * FROM users;\n\n-- Выбрать конкретные колонки\nSELECT name, email FROM users;\n\n-- С условием\nSELECT * FROM users WHERE age > 18;\n```\n\n## INSERT - вставка данных\n\n```sql\nINSERT INTO users (name, email, age)\nVALUES (''Иван'', ''ivan@example.com'', 25);\n```\n\n## UPDATE - обновление данных\n\n```sql\nUPDATE users\nSET age = 26\nWHERE name = ''Иван'';\n```\n\n## DELETE - удаление данных\n\n```sql\nDELETE FROM users\nWHERE age < 18;\n```\n\n## JOIN - соединение таблиц\n\n```sql\nSELECT users.name, orders.total\nFROM users\nINNER JOIN orders ON users.id = orders.user_id;\n```\n\n## GROUP BY - группировка\n\n```sql\nSELECT category, COUNT(*) as count\nFROM products\nGROUP BY category;\n```\n\n## ORDER BY - сортировка\n\n```sql\nSELECT * FROM users\nORDER BY age DESC;\n```\n\nSQL — основа работы с базами данных!','\n',char(10)),'Изучаем основы SQL: SELECT, INSERT, UPDATE, DELETE, JOIN, GROUP BY и ORDER BY. Практические примеры запросов.',NULL,1,0,5,3,'2025-11-10 16:42:40.376 +00:00','2025-11-10 16:42:40.376 +00:00');
INSERT INTO Articles VALUES(8,'Продвинутый SQL: подзапросы и функции','prodvinutyy-sql',replace('# Продвинутый SQL: подзапросы и функции\n\nИзучаем продвинутые возможности SQL для эффективной работы с данными.\n\n## Подзапросы (Subqueries)\n\n```sql\n-- Подзапрос в WHERE\nSELECT * FROM users\nWHERE age > (SELECT AVG(age) FROM users);\n\n-- Подзапрос в SELECT\nSELECT name, \n       (SELECT COUNT(*) FROM orders WHERE orders.user_id = users.id) as order_count\nFROM users;\n```\n\n## Агрегатные функции\n\n```sql\nSELECT \n    COUNT(*) as total_users,\n    AVG(age) as avg_age,\n    MIN(age) as min_age,\n    MAX(age) as max_age,\n    SUM(age) as sum_age\nFROM users;\n```\n\n## Оконные функции (Window Functions)\n\n```sql\nSELECT \n    name,\n    age,\n    ROW_NUMBER() OVER (ORDER BY age DESC) as rank\nFROM users;\n```\n\n## CTE (Common Table Expressions)\n\n```sql\nWITH top_users AS (\n    SELECT * FROM users\n    WHERE age > 25\n)\nSELECT * FROM top_users;\n```\n\n## Индексы\n\n```sql\n-- Создание индекса\nCREATE INDEX idx_email ON users(email);\n\n-- Составной индекс\nCREATE INDEX idx_name_age ON users(name, age);\n```\n\n## Транзакции\n\n```sql\nBEGIN TRANSACTION;\n\nUPDATE accounts SET balance = balance - 100 WHERE id = 1;\nUPDATE accounts SET balance = balance + 100 WHERE id = 2;\n\nCOMMIT;\n```\n\nЭти техники помогут писать эффективные SQL-запросы!','\n',char(10)),'Изучаем продвинутый SQL: подзапросы, агрегатные функции, оконные функции, CTE, индексы и транзакции.',NULL,1,0,5,3,'2025-11-10 16:42:40.378 +00:00','2025-11-10 16:42:40.378 +00:00');
CREATE TABLE `Comments` (`id` INTEGER PRIMARY KEY, `content` TEXT NOT NULL, `articleId` INTEGER NOT NULL REFERENCES `Articles` (`id`), `userId` INTEGER NOT NULL REFERENCES `Users` (`id`), `parentId` INTEGER REFERENCES `Comments` (`id`), `createdAt` DATETIME NOT NULL, `updatedAt` DATETIME NOT NULL);
INSERT INTO Comments VALUES(1,replace('cool\n','\n',char(10)),2,3,NULL,'2025-11-10 16:41:34.296 +00:00','2025-11-10 16:41:34.296 +00:00');
CREATE TABLE `Tags` (`id` INTEGER PRIMARY KEY, `name` VARCHAR(255) NOT NULL UNIQUE, `slug` VARCHAR(255) NOT NULL UNIQUE, `createdAt` DATETIME NOT NULL, `updatedAt` DATETIME NOT NULL);
INSERT INTO Tags VALUES(1,'Переменные','peremennye','2025-11-10 16:27:17.299 +00:00','2025-11-10 16:27:17.299 +00:00');
INSERT INTO Tags VALUES(2,'Массивы','massivy','2025-11-10 16:27:17.300 +00:00','2025-11-10 16:27:17.300 +00:00');
INSERT INTO Tags VALUES(3,'Циклы','cikly','2025-11-10 16:27:17.301 +00:00','2025-11-10 16:27:17.301 +00:00');
INSERT INTO Tags VALUES(4,'Основы','osnovy','2025-11-10 16:27:17.301 +00:00','2025-11-10 16:27:17.301 +00:00');
INSERT INTO Tags VALUES(5,'Python','python','2025-11-10 16:42:40.365 +00:00','2025-11-10 16:42:40.365 +00:00');
INSERT INTO Tags VALUES(6,'MATLAB','matlab','2025-11-10 16:42:40.366 +00:00','2025-11-10 16:42:40.366 +00:00');
INSERT INTO Tags VALUES(7,'Django','django','2025-11-10 16:42:40.366 +00:00','2025-11-10 16:42:40.366 +00:00');
INSERT INTO Tags VALUES(8,'SQL','sql','2025-11-10 16:42:40.367 +00:00','2025-11-10 16:42:40.367 +00:00');
INSERT INTO Tags VALUES(9,'Базы данных','bazy-dannyh','2025-11-10 16:42:40.368 +00:00','2025-11-10 16:42:40.368 +00:00');
INSERT INTO Tags VALUES(10,'Веб-разработка','veb-razrabotka','2025-11-10 16:42:40.369 +00:00','2025-11-10 16:42:40.369 +00:00');
CREATE TABLE `ArticleTags` (`createdAt` DATETIME NOT NULL, `updatedAt` DATETIME NOT NULL, `ArticleId` INTEGER NOT NULL UNIQUE REFERENCES `Articles` (`id`), `TagId` INTEGER NOT NULL UNIQUE REFERENCES `Tags` (`id`), PRIMARY KEY (`ArticleId`, `TagId`));
INSERT INTO ArticleTags VALUES('2025-11-10 16:27:28.297 +00:00','2025-11-10 16:27:28.297 +00:00',2,2);
INSERT INTO ArticleTags VALUES('2025-11-10 16:27:44','2025-11-10 16:27:44',3,3);
INSERT INTO ArticleTags VALUES('2025-11-10 16:42:40','2025-11-10 16:42:40',4,5);
INSERT INTO ArticleTags VALUES('2025-11-10 16:42:40','2025-11-10 16:42:40',5,6);
INSERT INTO ArticleTags VALUES('2025-11-10 16:42:40','2025-11-10 16:42:40',6,7);
INSERT INTO ArticleTags VALUES('2025-11-10 16:42:40','2025-11-10 16:42:40',7,8);
INSERT INTO ArticleTags VALUES('2025-11-10 16:42:40','2025-11-10 16:42:40',8,9);
CREATE TABLE `Subscriptions` (`createdAt` DATETIME NOT NULL, `updatedAt` DATETIME NOT NULL, `authorId` INTEGER NOT NULL UNIQUE REFERENCES `Users` (`id`), `subscriberId` INTEGER NOT NULL UNIQUE REFERENCES `Users` (`id`), PRIMARY KEY (`authorId`, `subscriberId`));
INSERT INTO Subscriptions VALUES('2025-11-10 16:41:40.137 +00:00','2025-11-10 16:41:40.137 +00:00',2,3);
CREATE TABLE `Users_backup` (`id` INTEGER PRIMARY KEY, `username` VARCHAR(255) NOT NULL UNIQUE, `email` VARCHAR(255) NOT NULL UNIQUE, `password` VARCHAR(255) NOT NULL, `role` TEXT DEFAULT 'reader', `bio` TEXT, `avatar` VARCHAR(255), `createdAt` DATETIME NOT NULL, `updatedAt` DATETIME NOT NULL);
INSERT INTO Users_backup VALUES(1,'воцо','begimovaaynur04@gmail.com','$2a$10$2I9MQTUjSNISms7gXLMIx.RLjraIZ8fFfRUC1JC.CxDGo/K/qWjxe','reader',NULL,NULL,'2025-11-10 16:22:08.039 +00:00','2025-11-10 16:22:08.039 +00:00');
INSERT INTO Users_backup VALUES(2,'DevAuthor','author@devblog.com','$2a$10$d23wlJFqOQmZB4UQIHXc2u1.xVRnPVRdBFGLVd.uAw/c57Ze1Diy2','author','Опытный разработчик, пишу о программировании',NULL,'2025-11-10 16:27:17.224 +00:00','2025-11-10 16:27:17.224 +00:00');
DELETE FROM sqlite_sequence;
COMMIT;
